enemy,fitness,player_energy,enemy_energy,gain
1,21.046756665712216,0,70.0,-70.0
2,21.231679004206228,0,70.0,-70.0
3,87.19140997390338,34,0,34
4,74.98677961290973,13.00000000000023,10.0,3.000000000000229
5,91.76901301948917,73.60000000000025,0,73.60000000000025
6,3.269900217026426,0,90.0,-90.0
7,-2.70805020110221,0,100,-100
8,21.247427361174367,0,70.0,-70.0
