enemy,fitness,player_energy,enemy_energy,gain
1,39.013547994715566,0,50.0,-50.0
2,39.20698639161586,0,50.0,-50.0
3,74.75002475774052,0,10.0,-10.0
4,87.77952363400023,48.400000000000304,0,48.400000000000304
5,91.91982739098296,76.00000000000023,0,76.00000000000023
6,3.540414485855841,0,90.0,-90.0
7,-2.70805020110221,0,100,-100
8,30.065105804380412,0,60.0,-60.0
