enemy,fitness,player_energy,enemy_energy,gain
1,57.21003982910275,0,30.0,327
2,75.22234767677735,0,10.0,323
3,12.681880006155783,0,80.0,204
4,2.9408768044182034,0,90.0,428
5,90.18110614572689,61.000000000000334,0,372
6,39.601837298482245,0,50.0,221
7,66.20090734553948,0,20.0,330
8,56.769518552421516,0,30.0,508
