enemy,fitness,player_energy,enemy_energy,gain
1,21.269900217026425,0,70.0,-70.0
2,91.49061166337202,70,0,70
3,30.179917069647637,0,60.0,-60.0
4,21.40528862039816,0,70.0,-70.0
5,90.86901301948917,64.60000000000034,0,64.60000000000034
6,85.04772932632855,5.200000000000234,0,5.200000000000234
7,75.2731522524128,0,10.0,-10.0
8,84.4662138960981,6.400000000000233,0,6.400000000000233
