enemy,fitness,player_energy,enemy_energy,gain
1,21.269900217026425,0,70.0,308
2,91.49061166337202,70,0,247
3,30.179917069647637,0,60.0,337
4,21.40528862039816,0,70.0,269
5,90.86901301948917,64.60000000000034,0,268
6,85.04772932632855,5.200000000000234,0,238
7,75.2731522524128,0,10.0,307
8,84.4662138960981,6.400000000000233,0,480
