enemy,fitness,player_energy,enemy_energy,gain
1,21.25699681219052,0,70.0,312
2,90.84704041507838,64,0,258
3,21.36521039683075,0,70.0,280
4,21.42027017401378,0,70.0,265
5,90.80901301948917,64.00000000000034,0,268
6,75.1828888400368,0,10.0,336
7,84.93289246928256,2.8000000000002343,0,210
8,84.34621389609809,5.200000000000234,0,480
