enemy,fitness,player_energy,enemy_energy,gain
1,39.013547994715566,0,50.0,-50.0
2,21.165189262937396,0,70.0,-70.0
3,85.99140997390337,22,0,22
4,86.15591279177049,31.000000000000263,0,31.000000000000263
5,92.98878821817866,86.20000000000013,0,86.20000000000013
6,2.594771541969158,0,90.0,-90.0
7,-2.70805020110221,0,100,-100
8,21.100102646417508,0,70.0,-70.0
