enemy,fitness,player_energy,enemy_energy,gain
1,21.260207087820767,0,70.0,311
2,90.84704041507838,64,0,258
3,30.179917069647637,0,60.0,337
4,3.3652103968307507,0,90.0,280
5,90.74901301948917,63.40000000000034,0,268
6,75.45092391510478,0,10.0,257
7,74.91778108962356,0,10.0,438
8,84.4662138960981,6.400000000000233,0,480
