enemy,fitness,player_energy,enemy_energy,gain
1,39.25060701409175,0,50.0,314
2,21.27641489804762,0,70.0,306
3,84.79140997390337,10,0,497
4,89.9959127917705,69.40000000000029,0,1037
5,92.13167900420625,79.0000000000002,0,320
6,12.918595635015537,0,80.0,161
7,39.14206684551654,0,50.0,350
8,21.330119077019482,0,70.0,290
