enemy,fitness,player_energy,enemy_energy,gain
1,30.041575306970216,0,60.0,-60.0
2,39.11389596854984,0,50.0,-50.0
3,86.59342407327507,28,0,28
4,85.91291941541427,31.600000000000264,0,31.600000000000264
5,90.51167900420626,62.80000000000034,0,62.80000000000034
6,-4.9344739331306915,0,100,-100
7,-3.1354942159291497,0,100,-100
8,21.3062678611973,0,70.0,-70.0
