enemy,fitness,player_energy,enemy_energy,gain
1,21.253796809459846,0,70.0,-70.0
2,91.49061166337202,70,0,70
3,30.179917069647637,0,60.0,-60.0
4,21.40528862039816,0,70.0,-70.0
5,90.86901301948917,64.60000000000034,0,64.60000000000034
6,85.42254710353532,9.400000000000231,0,9.400000000000231
7,75.27968822339258,0,10.0,-10.0
8,85.46384284030167,14.800000000000228,0,14.800000000000228
