enemy,fitness,player_energy,enemy_energy,gain
1,39.25060701409175,0,50.0,-50.0
2,12.28626719449063,0,80.0,-80.0
3,74.75002475774052,0,10.0,-10.0
4,84.5294768905476,12.40000000000023,0,12.40000000000023
5,93.91870783429057,92.80000000000007,0,92.80000000000007
6,12.15645558296864,0,80.0,-80.0
7,5.2158103660817385,0,90.0,-90.0
8,30.427845967822236,0,60.0,-60.0
