enemy,fitness,player_energy,enemy_energy,gain
1,39.19486503108351,0,50.0,332
2,12.279688223392588,0,80.0,305
3,65.77940982990026,0,20.0,503
4,84.49637137186158,14.200000000000228,0,1016
5,93.24324619773174,89.2000000000001,0,292
6,-5.389071729816501,0,100,219
7,5.362413840273614,0,90.0,38
8,21.326676732828506,0,70.0,291
