enemy,fitness,player_energy,enemy_energy,gain
1,30.260207087820767,0,60.0,-60.0
2,91.49061166337202,70,0,70
3,30.179917069647637,0,60.0,-60.0
4,21.40528862039816,0,70.0,-70.0
5,90.86901301948917,64.60000000000034,0,64.60000000000034
6,75.42784596782224,0,10.0,-10.0
7,85.99357331188759,16.60000000000023,0,16.60000000000023
8,84.4062138960981,5.800000000000233,0,5.800000000000233
