enemy,fitness,player_energy,enemy_energy,gain
1,21.269900217026425,0,70.0,308
2,92.13193985886487,76,0,237
3,30.179917069647637,0,60.0,337
4,21.40528862039816,0,70.0,269
5,90.56901301948918,61.600000000000335,0,268
6,85.78254710353532,13.00000000000023,0,249
7,75.35809292906188,0,10.0,282
8,84.4662138960981,6.400000000000233,0,480
