enemy,fitness,player_energy,enemy_energy,gain
1,39.17695410451698,0,50.0,-50.0
2,21.273152252412803,0,70.0,-70.0
3,74.75195712549157,0,10.0,-10.0
4,89.51494893627421,64.60000000000034,0,64.60000000000034
5,92.17641489804764,79.0000000000002,0,79.0000000000002
6,-4.897839799950911,0,100,-100
7,-3.2188758248682006,0,100,-100
8,21.09191706183107,0,70.0,-70.0
