enemy,fitness,player_energy,enemy_energy,gain
1,39.08110614572686,0,50.0,372
2,4.299519634207583,0,90.0,110
3,74.44891966495659,0,10.0,700
4,82.93517908743142,2.200000000000234,0,1458
5,89.2622642182204,51.40000000000031,0,357
6,29.66849815010631,0,60.0,562
7,-2.70805020110221,0,100,15
8,65.41659077784124,0,20.0,723
