enemy,fitness,player_energy,enemy_energy,gain
1,21.269900217026425,0,70.0,-70.0
2,90.84704041507838,64,0,64
3,30.179917069647637,0,60.0,-60.0
4,21.40528862039816,0,70.0,-70.0
5,90.00324619773176,56.800000000000324,0,56.800000000000324
6,84.33105438238982,1.6000000000002341,0,1.6000000000002341
7,86.97289246928256,23.200000000000244,0,23.200000000000244
8,84.34621389609809,5.200000000000234,0,5.200000000000234
